{
    "xy_sens": 6.9,
    "targeting_sens": 1.2,
    "xy_scale": 1.4492753623188406,
    "targeting_scale": 120.77194280276816
}
